file_path,label
BLACK THROATED BUSHTIT\001.jpg,0
BLACK THROATED BUSHTIT\002.jpg,0
BLACK THROATED BUSHTIT\003.jpg,0
BLACK THROATED BUSHTIT\004.jpg,0
BLACK THROATED BUSHTIT\005.jpg,0
BLACK THROATED BUSHTIT\006.jpg,0
BLACK THROATED BUSHTIT\007.jpg,0
BLACK THROATED BUSHTIT\008.jpg,0
BLACK THROATED BUSHTIT\009.jpg,0
BLACK THROATED BUSHTIT\010.jpg,0
BLACK THROATED BUSHTIT\011.jpg,0
BLACK THROATED BUSHTIT\012.jpg,0
BLACK THROATED BUSHTIT\013.jpg,0
BLACK THROATED BUSHTIT\014.jpg,0
BLACK THROATED BUSHTIT\015.jpg,0
BLACK THROATED BUSHTIT\016.jpg,0
BLACK THROATED BUSHTIT\017.jpg,0
BLACK THROATED BUSHTIT\018.jpg,0
BLACK THROATED BUSHTIT\019.jpg,0
BLACK THROATED BUSHTIT\020.jpg,0
BLACK THROATED BUSHTIT\021.jpg,0
BLACK THROATED BUSHTIT\022.jpg,0
BLACK THROATED BUSHTIT\023.jpg,0
BLACK THROATED BUSHTIT\024.jpg,0
BLACK THROATED BUSHTIT\025.jpg,0
BLACK THROATED BUSHTIT\026.jpg,0
BLACK THROATED BUSHTIT\027.jpg,0
BLACK THROATED BUSHTIT\028.jpg,0
BLACK THROATED BUSHTIT\029.jpg,0
BLACK THROATED BUSHTIT\030.jpg,0
BLACK THROATED BUSHTIT\031.jpg,0
BLACK THROATED BUSHTIT\032.jpg,0
BLACK THROATED BUSHTIT\033.jpg,0
BLACK THROATED BUSHTIT\034.jpg,0
BLACK THROATED BUSHTIT\035.jpg,0
BLACK THROATED BUSHTIT\036.jpg,0
BLACK THROATED BUSHTIT\037.jpg,0
BLACK THROATED BUSHTIT\038.jpg,0
BLACK THROATED BUSHTIT\039.jpg,0
BLACK THROATED BUSHTIT\040.jpg,0
BLACK THROATED BUSHTIT\041.jpg,0
BLACK THROATED BUSHTIT\042.jpg,0
BLACK THROATED BUSHTIT\043.jpg,0
BLACK THROATED BUSHTIT\044.jpg,0
BLACK THROATED BUSHTIT\045.jpg,0
BLACK THROATED BUSHTIT\046.jpg,0
BLACK THROATED BUSHTIT\047.jpg,0
BLACK THROATED BUSHTIT\048.jpg,0
BLACK THROATED BUSHTIT\049.jpg,0
BLACK THROATED BUSHTIT\050.jpg,0
BLACK THROATED BUSHTIT\051.jpg,0
BLACK THROATED BUSHTIT\052.jpg,0
BLACK THROATED BUSHTIT\053.jpg,0
BLACK THROATED BUSHTIT\054.jpg,0
BLACK THROATED BUSHTIT\055.jpg,0
BLACK THROATED BUSHTIT\056.jpg,0
BLACK THROATED BUSHTIT\057.jpg,0
BLACK THROATED BUSHTIT\058.jpg,0
BLACK THROATED BUSHTIT\059.jpg,0
BLACK THROATED BUSHTIT\060.jpg,0
BLACK THROATED BUSHTIT\061.jpg,0
BLACK THROATED BUSHTIT\062.jpg,0
BLACK THROATED BUSHTIT\063.jpg,0
BLACK THROATED BUSHTIT\064.jpg,0
BLACK THROATED BUSHTIT\065.jpg,0
BLACK THROATED BUSHTIT\066.jpg,0
BLACK THROATED BUSHTIT\067.jpg,0
BLACK THROATED BUSHTIT\068.jpg,0
BLACK THROATED BUSHTIT\069.jpg,0
BLACK THROATED BUSHTIT\070.jpg,0
BLACK THROATED BUSHTIT\071.jpg,0
BLACK THROATED BUSHTIT\072.jpg,0
BLACK THROATED BUSHTIT\073.jpg,0
BLACK THROATED BUSHTIT\074.jpg,0
BLACK THROATED BUSHTIT\075.jpg,0
BLACK THROATED BUSHTIT\076.jpg,0
BLACK THROATED BUSHTIT\077.jpg,0
BLACK THROATED BUSHTIT\078.jpg,0
BLACK THROATED BUSHTIT\079.jpg,0
BLACK THROATED BUSHTIT\080.jpg,0
BLACK THROATED BUSHTIT\081.jpg,0
BLACK THROATED BUSHTIT\082.jpg,0
BLACK THROATED BUSHTIT\083.jpg,0
BLACK THROATED BUSHTIT\084.jpg,0
BLACK THROATED BUSHTIT\085.jpg,0
BLACK THROATED BUSHTIT\086.jpg,0
BLACK THROATED BUSHTIT\087.jpg,0
BLACK THROATED BUSHTIT\088.jpg,0
BLACK THROATED BUSHTIT\089.jpg,0
BLACK THROATED BUSHTIT\090.jpg,0
BLACK THROATED BUSHTIT\091.jpg,0
BLACK THROATED BUSHTIT\092.jpg,0
BLACK THROATED BUSHTIT\093.jpg,0
BLACK THROATED BUSHTIT\094.jpg,0
BLACK THROATED BUSHTIT\095.jpg,0
BLACK THROATED BUSHTIT\096.jpg,0
BLACK THROATED BUSHTIT\097.jpg,0
BLACK THROATED BUSHTIT\098.jpg,0
BLACK THROATED BUSHTIT\099.jpg,0
BLACK THROATED BUSHTIT\100.jpg,0
BLACK THROATED BUSHTIT\101.jpg,0
BLACK THROATED BUSHTIT\102.jpg,0
BLACK THROATED BUSHTIT\103.jpg,0
BLACK THROATED BUSHTIT\104.jpg,0
BLACK THROATED BUSHTIT\105.jpg,0
BLACK THROATED BUSHTIT\106.jpg,0
BLACK THROATED BUSHTIT\107.jpg,0
BLACK THROATED BUSHTIT\108.jpg,0
BLACK THROATED BUSHTIT\109.jpg,0
BLACK THROATED BUSHTIT\110.jpg,0
BLACK THROATED BUSHTIT\111.jpg,0
BLACK THROATED BUSHTIT\112.jpg,0
BLACK THROATED BUSHTIT\113.jpg,0
BLACK THROATED BUSHTIT\114.jpg,0
BLACK THROATED BUSHTIT\115.jpg,0
BLACK THROATED BUSHTIT\116.jpg,0
BLACK THROATED BUSHTIT\117.jpg,0
BLACK THROATED BUSHTIT\118.jpg,0
BLACK THROATED BUSHTIT\119.jpg,0
BLACK THROATED BUSHTIT\120.jpg,0
BLACK THROATED BUSHTIT\121.jpg,0
BLACK THROATED BUSHTIT\122.jpg,0
BLACK THROATED BUSHTIT\123.jpg,0
BLACK THROATED BUSHTIT\124.jpg,0
BLACK THROATED BUSHTIT\125.jpg,0
BLACK THROATED BUSHTIT\126.jpg,0
BLACK THROATED BUSHTIT\127.jpg,0
BLACK THROATED BUSHTIT\128.jpg,0
BLACK THROATED BUSHTIT\129.jpg,0
BLACK THROATED BUSHTIT\130.jpg,0
BLACK THROATED BUSHTIT\131.jpg,0
BLACK THROATED BUSHTIT\132.jpg,0
BLACK THROATED BUSHTIT\133.jpg,0
BLACK THROATED BUSHTIT\134.jpg,0
BLACK THROATED BUSHTIT\135.jpg,0
BLACK THROATED BUSHTIT\136.jpg,0
BLACK THROATED BUSHTIT\137.jpg,0
BLACK THROATED BUSHTIT\138.jpg,0
BLACK THROATED BUSHTIT\139.jpg,0
BLACK THROATED BUSHTIT\140.jpg,0
BROWN NOODY\001.jpg,1
BROWN NOODY\002.jpg,1
BROWN NOODY\003.jpg,1
BROWN NOODY\004.jpg,1
BROWN NOODY\005.jpg,1
BROWN NOODY\006.jpg,1
BROWN NOODY\007.jpg,1
BROWN NOODY\008.jpg,1
BROWN NOODY\009.jpg,1
BROWN NOODY\010.jpg,1
BROWN NOODY\011.jpg,1
BROWN NOODY\012.jpg,1
BROWN NOODY\013.jpg,1
BROWN NOODY\014.jpg,1
BROWN NOODY\015.jpg,1
BROWN NOODY\016.jpg,1
BROWN NOODY\017.jpg,1
BROWN NOODY\018.jpg,1
BROWN NOODY\019.jpg,1
BROWN NOODY\020.jpg,1
BROWN NOODY\021.jpg,1
BROWN NOODY\022.jpg,1
BROWN NOODY\023.jpg,1
BROWN NOODY\024.jpg,1
BROWN NOODY\025.jpg,1
BROWN NOODY\026.jpg,1
BROWN NOODY\027.jpg,1
BROWN NOODY\028.jpg,1
BROWN NOODY\029.jpg,1
BROWN NOODY\030.jpg,1
BROWN NOODY\031.jpg,1
BROWN NOODY\032.jpg,1
BROWN NOODY\033.jpg,1
BROWN NOODY\034.jpg,1
BROWN NOODY\035.jpg,1
BROWN NOODY\036.jpg,1
BROWN NOODY\037.jpg,1
BROWN NOODY\038.jpg,1
BROWN NOODY\039.jpg,1
BROWN NOODY\040.jpg,1
BROWN NOODY\041.jpg,1
BROWN NOODY\042.jpg,1
BROWN NOODY\043.jpg,1
BROWN NOODY\044.jpg,1
BROWN NOODY\045.jpg,1
BROWN NOODY\046.jpg,1
BROWN NOODY\047.jpg,1
BROWN NOODY\048.jpg,1
BROWN NOODY\049.jpg,1
BROWN NOODY\050.jpg,1
BROWN NOODY\051.jpg,1
BROWN NOODY\052.jpg,1
BROWN NOODY\053.jpg,1
BROWN NOODY\054.jpg,1
BROWN NOODY\055.jpg,1
BROWN NOODY\056.jpg,1
BROWN NOODY\057.jpg,1
BROWN NOODY\058.jpg,1
BROWN NOODY\059.jpg,1
BROWN NOODY\060.jpg,1
BROWN NOODY\061.jpg,1
BROWN NOODY\062.jpg,1
BROWN NOODY\063.jpg,1
BROWN NOODY\064.jpg,1
BROWN NOODY\065.jpg,1
BROWN NOODY\066.jpg,1
BROWN NOODY\067.jpg,1
BROWN NOODY\068.jpg,1
BROWN NOODY\069.jpg,1
BROWN NOODY\070.jpg,1
BROWN NOODY\071.jpg,1
BROWN NOODY\072.jpg,1
BROWN NOODY\073.jpg,1
BROWN NOODY\074.jpg,1
BROWN NOODY\075.jpg,1
BROWN NOODY\076.jpg,1
BROWN NOODY\077.jpg,1
BROWN NOODY\078.jpg,1
BROWN NOODY\079.jpg,1
BROWN NOODY\080.jpg,1
BROWN NOODY\081.jpg,1
BROWN NOODY\082.jpg,1
BROWN NOODY\083.jpg,1
BROWN NOODY\084.jpg,1
BROWN NOODY\085.jpg,1
BROWN NOODY\086.jpg,1
BROWN NOODY\087.jpg,1
BROWN NOODY\088.jpg,1
BROWN NOODY\089.jpg,1
BROWN NOODY\090.jpg,1
BROWN NOODY\091.jpg,1
BROWN NOODY\092.jpg,1
BROWN NOODY\093.jpg,1
BROWN NOODY\094.jpg,1
BROWN NOODY\095.jpg,1
BROWN NOODY\096.jpg,1
BROWN NOODY\097.jpg,1
BROWN NOODY\098.jpg,1
BROWN NOODY\099.jpg,1
BROWN NOODY\100.jpg,1
BROWN NOODY\101.jpg,1
BROWN NOODY\102.jpg,1
BROWN NOODY\103.jpg,1
BROWN NOODY\104.jpg,1
BROWN NOODY\105.jpg,1
BROWN NOODY\106.jpg,1
BROWN NOODY\107.jpg,1
BROWN NOODY\108.jpg,1
BROWN NOODY\109.jpg,1
BROWN NOODY\110.jpg,1
BROWN NOODY\111.jpg,1
BROWN NOODY\112.jpg,1
BROWN NOODY\113.jpg,1
BROWN NOODY\114.jpg,1
BROWN NOODY\115.jpg,1
BROWN NOODY\116.jpg,1
BROWN NOODY\117.jpg,1
BROWN NOODY\118.jpg,1
BROWN NOODY\119.jpg,1
BROWN NOODY\120.jpg,1
BROWN NOODY\121.jpg,1
BROWN NOODY\122.jpg,1
BROWN NOODY\123.jpg,1
BROWN NOODY\124.jpg,1
BROWN NOODY\125.jpg,1
BROWN NOODY\126.jpg,1
BROWN NOODY\127.jpg,1
BROWN NOODY\128.jpg,1
BROWN NOODY\129.jpg,1
BROWN NOODY\130.jpg,1
BROWN NOODY\131.jpg,1
BROWN NOODY\132.jpg,1
BROWN NOODY\133.jpg,1
BROWN NOODY\134.jpg,1
BROWN NOODY\135.jpg,1
BROWN NOODY\136.jpg,1
BROWN NOODY\137.jpg,1
BROWN NOODY\138.jpg,1
BROWN NOODY\139.jpg,1
BROWN NOODY\140.jpg,1
CHUCAO TAPACULO\001.jpg,2
CHUCAO TAPACULO\002.jpg,2
CHUCAO TAPACULO\003.jpg,2
CHUCAO TAPACULO\004.jpg,2
CHUCAO TAPACULO\005.jpg,2
CHUCAO TAPACULO\006.jpg,2
CHUCAO TAPACULO\007.jpg,2
CHUCAO TAPACULO\008.jpg,2
CHUCAO TAPACULO\009.jpg,2
CHUCAO TAPACULO\010.jpg,2
CHUCAO TAPACULO\011.jpg,2
CHUCAO TAPACULO\012.jpg,2
CHUCAO TAPACULO\013.jpg,2
CHUCAO TAPACULO\014.jpg,2
CHUCAO TAPACULO\015.jpg,2
CHUCAO TAPACULO\016.jpg,2
CHUCAO TAPACULO\017.jpg,2
CHUCAO TAPACULO\018.jpg,2
CHUCAO TAPACULO\019.jpg,2
CHUCAO TAPACULO\020.jpg,2
CHUCAO TAPACULO\021.jpg,2
CHUCAO TAPACULO\022.jpg,2
CHUCAO TAPACULO\023.jpg,2
CHUCAO TAPACULO\024.jpg,2
CHUCAO TAPACULO\025.jpg,2
CHUCAO TAPACULO\026.jpg,2
CHUCAO TAPACULO\027.jpg,2
CHUCAO TAPACULO\028.jpg,2
CHUCAO TAPACULO\029.jpg,2
CHUCAO TAPACULO\030.jpg,2
CHUCAO TAPACULO\031.jpg,2
CHUCAO TAPACULO\032.jpg,2
CHUCAO TAPACULO\033.jpg,2
CHUCAO TAPACULO\034.jpg,2
CHUCAO TAPACULO\035.jpg,2
CHUCAO TAPACULO\036.jpg,2
CHUCAO TAPACULO\037.jpg,2
CHUCAO TAPACULO\038.jpg,2
CHUCAO TAPACULO\039.jpg,2
CHUCAO TAPACULO\040.jpg,2
CHUCAO TAPACULO\041.jpg,2
CHUCAO TAPACULO\042.jpg,2
CHUCAO TAPACULO\043.jpg,2
CHUCAO TAPACULO\044.jpg,2
CHUCAO TAPACULO\045.jpg,2
CHUCAO TAPACULO\046.jpg,2
CHUCAO TAPACULO\047.jpg,2
CHUCAO TAPACULO\048.jpg,2
CHUCAO TAPACULO\049.jpg,2
CHUCAO TAPACULO\050.jpg,2
CHUCAO TAPACULO\051.jpg,2
CHUCAO TAPACULO\052.jpg,2
CHUCAO TAPACULO\053.jpg,2
CHUCAO TAPACULO\054.jpg,2
CHUCAO TAPACULO\055.jpg,2
CHUCAO TAPACULO\056.jpg,2
CHUCAO TAPACULO\057.jpg,2
CHUCAO TAPACULO\058.jpg,2
CHUCAO TAPACULO\059.jpg,2
CHUCAO TAPACULO\060.jpg,2
CHUCAO TAPACULO\061.jpg,2
CHUCAO TAPACULO\062.jpg,2
CHUCAO TAPACULO\063.jpg,2
CHUCAO TAPACULO\064.jpg,2
CHUCAO TAPACULO\065.jpg,2
CHUCAO TAPACULO\066.jpg,2
CHUCAO TAPACULO\067.jpg,2
CHUCAO TAPACULO\068.jpg,2
CHUCAO TAPACULO\069.jpg,2
CHUCAO TAPACULO\070.jpg,2
CHUCAO TAPACULO\071.jpg,2
CHUCAO TAPACULO\072.jpg,2
CHUCAO TAPACULO\073.jpg,2
CHUCAO TAPACULO\074.jpg,2
CHUCAO TAPACULO\075.jpg,2
CHUCAO TAPACULO\076.jpg,2
CHUCAO TAPACULO\077.jpg,2
CHUCAO TAPACULO\078.jpg,2
CHUCAO TAPACULO\079.jpg,2
CHUCAO TAPACULO\080.jpg,2
CHUCAO TAPACULO\081.jpg,2
CHUCAO TAPACULO\082.jpg,2
CHUCAO TAPACULO\083.jpg,2
CHUCAO TAPACULO\084.jpg,2
CHUCAO TAPACULO\085.jpg,2
CHUCAO TAPACULO\086.jpg,2
CHUCAO TAPACULO\087.jpg,2
CHUCAO TAPACULO\088.jpg,2
CHUCAO TAPACULO\089.jpg,2
CHUCAO TAPACULO\090.jpg,2
CHUCAO TAPACULO\091.jpg,2
CHUCAO TAPACULO\092.jpg,2
CHUCAO TAPACULO\093.jpg,2
CHUCAO TAPACULO\094.jpg,2
CHUCAO TAPACULO\095.jpg,2
CHUCAO TAPACULO\096.jpg,2
CHUCAO TAPACULO\097.jpg,2
CHUCAO TAPACULO\098.jpg,2
CHUCAO TAPACULO\099.jpg,2
CHUCAO TAPACULO\100.jpg,2
CHUCAO TAPACULO\101.jpg,2
CHUCAO TAPACULO\102.jpg,2
CHUCAO TAPACULO\103.jpg,2
CHUCAO TAPACULO\104.jpg,2
CHUCAO TAPACULO\105.jpg,2
CHUCAO TAPACULO\106.jpg,2
CHUCAO TAPACULO\107.jpg,2
CHUCAO TAPACULO\108.jpg,2
CHUCAO TAPACULO\109.jpg,2
CHUCAO TAPACULO\110.jpg,2
CHUCAO TAPACULO\111.jpg,2
CHUCAO TAPACULO\112.jpg,2
CHUCAO TAPACULO\113.jpg,2
CHUCAO TAPACULO\114.jpg,2
CHUCAO TAPACULO\115.jpg,2
CHUCAO TAPACULO\116.jpg,2
CHUCAO TAPACULO\117.jpg,2
CHUCAO TAPACULO\118.jpg,2
CHUCAO TAPACULO\119.jpg,2
CHUCAO TAPACULO\120.jpg,2
CHUCAO TAPACULO\121.jpg,2
CHUCAO TAPACULO\122.jpg,2
CHUCAO TAPACULO\123.jpg,2
CHUCAO TAPACULO\124.jpg,2
CHUCAO TAPACULO\125.jpg,2
CHUCAO TAPACULO\126.jpg,2
CHUCAO TAPACULO\127.jpg,2
CHUCAO TAPACULO\128.jpg,2
CHUCAO TAPACULO\129.jpg,2
CHUCAO TAPACULO\130.jpg,2
CHUCAO TAPACULO\131.jpg,2
CHUCAO TAPACULO\132.jpg,2
CHUCAO TAPACULO\133.jpg,2
CHUCAO TAPACULO\134.jpg,2
CHUCAO TAPACULO\135.jpg,2
CHUCAO TAPACULO\136.jpg,2
CHUCAO TAPACULO\137.jpg,2
CHUCAO TAPACULO\138.jpg,2
CHUCAO TAPACULO\139.jpg,2
CHUCAO TAPACULO\140.jpg,2
CRESTED NUTHATCH\001.jpg,3
CRESTED NUTHATCH\002.jpg,3
CRESTED NUTHATCH\003.jpg,3
CRESTED NUTHATCH\004.jpg,3
CRESTED NUTHATCH\005.jpg,3
CRESTED NUTHATCH\006.jpg,3
CRESTED NUTHATCH\007.jpg,3
CRESTED NUTHATCH\008.jpg,3
CRESTED NUTHATCH\009.jpg,3
CRESTED NUTHATCH\010.jpg,3
CRESTED NUTHATCH\011.jpg,3
CRESTED NUTHATCH\012.jpg,3
CRESTED NUTHATCH\013.jpg,3
CRESTED NUTHATCH\014.jpg,3
CRESTED NUTHATCH\015.jpg,3
CRESTED NUTHATCH\016.jpg,3
CRESTED NUTHATCH\017.jpg,3
CRESTED NUTHATCH\018.jpg,3
CRESTED NUTHATCH\019.jpg,3
CRESTED NUTHATCH\020.jpg,3
CRESTED NUTHATCH\021.jpg,3
CRESTED NUTHATCH\022.jpg,3
CRESTED NUTHATCH\023.jpg,3
CRESTED NUTHATCH\024.jpg,3
CRESTED NUTHATCH\025.jpg,3
CRESTED NUTHATCH\026.jpg,3
CRESTED NUTHATCH\027.jpg,3
CRESTED NUTHATCH\028.jpg,3
CRESTED NUTHATCH\029.jpg,3
CRESTED NUTHATCH\030.jpg,3
CRESTED NUTHATCH\031.jpg,3
CRESTED NUTHATCH\032.jpg,3
CRESTED NUTHATCH\033.jpg,3
CRESTED NUTHATCH\034.jpg,3
CRESTED NUTHATCH\035.jpg,3
CRESTED NUTHATCH\036.jpg,3
CRESTED NUTHATCH\037.jpg,3
CRESTED NUTHATCH\038.jpg,3
CRESTED NUTHATCH\039.jpg,3
CRESTED NUTHATCH\040.jpg,3
CRESTED NUTHATCH\041.jpg,3
CRESTED NUTHATCH\042.jpg,3
CRESTED NUTHATCH\043.jpg,3
CRESTED NUTHATCH\044.jpg,3
CRESTED NUTHATCH\045.jpg,3
CRESTED NUTHATCH\046.jpg,3
CRESTED NUTHATCH\047.jpg,3
CRESTED NUTHATCH\048.jpg,3
CRESTED NUTHATCH\049.jpg,3
CRESTED NUTHATCH\050.jpg,3
CRESTED NUTHATCH\051.jpg,3
CRESTED NUTHATCH\052.jpg,3
CRESTED NUTHATCH\053.jpg,3
CRESTED NUTHATCH\054.jpg,3
CRESTED NUTHATCH\055.jpg,3
CRESTED NUTHATCH\056.jpg,3
CRESTED NUTHATCH\057.jpg,3
CRESTED NUTHATCH\058.jpg,3
CRESTED NUTHATCH\059.jpg,3
CRESTED NUTHATCH\060.jpg,3
CRESTED NUTHATCH\061.jpg,3
CRESTED NUTHATCH\062.jpg,3
CRESTED NUTHATCH\063.jpg,3
CRESTED NUTHATCH\064.jpg,3
CRESTED NUTHATCH\065.jpg,3
CRESTED NUTHATCH\066.jpg,3
CRESTED NUTHATCH\067.jpg,3
CRESTED NUTHATCH\068.jpg,3
CRESTED NUTHATCH\069.jpg,3
CRESTED NUTHATCH\070.jpg,3
CRESTED NUTHATCH\071.jpg,3
CRESTED NUTHATCH\072.jpg,3
CRESTED NUTHATCH\073.jpg,3
CRESTED NUTHATCH\074.jpg,3
CRESTED NUTHATCH\075.jpg,3
CRESTED NUTHATCH\076.jpg,3
CRESTED NUTHATCH\077.jpg,3
CRESTED NUTHATCH\078.jpg,3
CRESTED NUTHATCH\079.jpg,3
CRESTED NUTHATCH\080.jpg,3
CRESTED NUTHATCH\081.jpg,3
CRESTED NUTHATCH\082.jpg,3
CRESTED NUTHATCH\083.jpg,3
CRESTED NUTHATCH\084.jpg,3
CRESTED NUTHATCH\085.jpg,3
CRESTED NUTHATCH\086.jpg,3
CRESTED NUTHATCH\087.jpg,3
CRESTED NUTHATCH\088.jpg,3
CRESTED NUTHATCH\089.jpg,3
CRESTED NUTHATCH\090.jpg,3
CRESTED NUTHATCH\091.jpg,3
CRESTED NUTHATCH\092.jpg,3
CRESTED NUTHATCH\093.jpg,3
CRESTED NUTHATCH\094.jpg,3
CRESTED NUTHATCH\095.jpg,3
CRESTED NUTHATCH\096.jpg,3
CRESTED NUTHATCH\097.jpg,3
CRESTED NUTHATCH\098.jpg,3
CRESTED NUTHATCH\099.jpg,3
CRESTED NUTHATCH\100.jpg,3
CRESTED NUTHATCH\101.jpg,3
CRESTED NUTHATCH\102.jpg,3
CRESTED NUTHATCH\103.jpg,3
CRESTED NUTHATCH\104.jpg,3
CRESTED NUTHATCH\105.jpg,3
CRESTED NUTHATCH\106.jpg,3
CRESTED NUTHATCH\107.jpg,3
CRESTED NUTHATCH\108.jpg,3
CRESTED NUTHATCH\109.jpg,3
CRESTED NUTHATCH\110.jpg,3
CRESTED NUTHATCH\111.jpg,3
CRESTED NUTHATCH\112.jpg,3
CRESTED NUTHATCH\113.jpg,3
CRESTED NUTHATCH\114.jpg,3
CRESTED NUTHATCH\115.jpg,3
CRESTED NUTHATCH\116.jpg,3
CRESTED NUTHATCH\117.jpg,3
CRESTED NUTHATCH\118.jpg,3
CRESTED NUTHATCH\119.jpg,3
CRESTED NUTHATCH\120.jpg,3
CRESTED NUTHATCH\121.jpg,3
CRESTED NUTHATCH\122.jpg,3
CRESTED NUTHATCH\123.jpg,3
CRESTED NUTHATCH\124.jpg,3
CRESTED NUTHATCH\125.jpg,3
CRESTED NUTHATCH\126.jpg,3
CRESTED NUTHATCH\127.jpg,3
CRESTED NUTHATCH\128.jpg,3
CRESTED NUTHATCH\129.jpg,3
CRESTED NUTHATCH\130.jpg,3
CRESTED NUTHATCH\131.jpg,3
CRESTED NUTHATCH\132.jpg,3
CRESTED NUTHATCH\133.jpg,3
CRESTED NUTHATCH\134.jpg,3
CRESTED NUTHATCH\135.jpg,3
CRESTED NUTHATCH\136.jpg,3
CRESTED NUTHATCH\137.jpg,3
CRESTED NUTHATCH\138.jpg,3
CRESTED NUTHATCH\139.jpg,3
CRESTED NUTHATCH\140.jpg,3
EASTERN BLUEBIRD\001.jpg,4
EASTERN BLUEBIRD\002.jpg,4
EASTERN BLUEBIRD\003.jpg,4
EASTERN BLUEBIRD\004.jpg,4
EASTERN BLUEBIRD\005.jpg,4
EASTERN BLUEBIRD\006.jpg,4
EASTERN BLUEBIRD\007.jpg,4
EASTERN BLUEBIRD\008.jpg,4
EASTERN BLUEBIRD\009.jpg,4
EASTERN BLUEBIRD\010.jpg,4
EASTERN BLUEBIRD\011.jpg,4
EASTERN BLUEBIRD\012.jpg,4
EASTERN BLUEBIRD\013.jpg,4
EASTERN BLUEBIRD\014.jpg,4
EASTERN BLUEBIRD\015.jpg,4
EASTERN BLUEBIRD\016.jpg,4
EASTERN BLUEBIRD\017.jpg,4
EASTERN BLUEBIRD\018.jpg,4
EASTERN BLUEBIRD\019.jpg,4
EASTERN BLUEBIRD\020.jpg,4
EASTERN BLUEBIRD\021.jpg,4
EASTERN BLUEBIRD\022.jpg,4
EASTERN BLUEBIRD\023.jpg,4
EASTERN BLUEBIRD\024.jpg,4
EASTERN BLUEBIRD\025.jpg,4
EASTERN BLUEBIRD\026.jpg,4
EASTERN BLUEBIRD\027.jpg,4
EASTERN BLUEBIRD\028.jpg,4
EASTERN BLUEBIRD\029.jpg,4
EASTERN BLUEBIRD\030.jpg,4
EASTERN BLUEBIRD\031.jpg,4
EASTERN BLUEBIRD\032.jpg,4
EASTERN BLUEBIRD\033.jpg,4
EASTERN BLUEBIRD\034.jpg,4
EASTERN BLUEBIRD\035.jpg,4
EASTERN BLUEBIRD\036.jpg,4
EASTERN BLUEBIRD\037.jpg,4
EASTERN BLUEBIRD\038.jpg,4
EASTERN BLUEBIRD\039.jpg,4
EASTERN BLUEBIRD\040.jpg,4
EASTERN BLUEBIRD\041.jpg,4
EASTERN BLUEBIRD\042.jpg,4
EASTERN BLUEBIRD\043.jpg,4
EASTERN BLUEBIRD\044.jpg,4
EASTERN BLUEBIRD\045.jpg,4
EASTERN BLUEBIRD\046.jpg,4
EASTERN BLUEBIRD\047.jpg,4
EASTERN BLUEBIRD\048.jpg,4
EASTERN BLUEBIRD\049.jpg,4
EASTERN BLUEBIRD\050.jpg,4
EASTERN BLUEBIRD\051.jpg,4
EASTERN BLUEBIRD\052.jpg,4
EASTERN BLUEBIRD\053.jpg,4
EASTERN BLUEBIRD\054.jpg,4
EASTERN BLUEBIRD\055.jpg,4
EASTERN BLUEBIRD\056.jpg,4
EASTERN BLUEBIRD\057.jpg,4
EASTERN BLUEBIRD\058.jpg,4
EASTERN BLUEBIRD\059.jpg,4
EASTERN BLUEBIRD\060.jpg,4
EASTERN BLUEBIRD\061.jpg,4
EASTERN BLUEBIRD\062.jpg,4
EASTERN BLUEBIRD\063.jpg,4
EASTERN BLUEBIRD\064.jpg,4
EASTERN BLUEBIRD\065.jpg,4
EASTERN BLUEBIRD\066.jpg,4
EASTERN BLUEBIRD\067.jpg,4
EASTERN BLUEBIRD\068.jpg,4
EASTERN BLUEBIRD\069.jpg,4
EASTERN BLUEBIRD\070.jpg,4
EASTERN BLUEBIRD\071.jpg,4
EASTERN BLUEBIRD\072.jpg,4
EASTERN BLUEBIRD\073.jpg,4
EASTERN BLUEBIRD\074.jpg,4
EASTERN BLUEBIRD\075.jpg,4
EASTERN BLUEBIRD\076.jpg,4
EASTERN BLUEBIRD\077.jpg,4
EASTERN BLUEBIRD\078.jpg,4
EASTERN BLUEBIRD\079.jpg,4
EASTERN BLUEBIRD\080.jpg,4
EASTERN BLUEBIRD\081.jpg,4
EASTERN BLUEBIRD\082.jpg,4
EASTERN BLUEBIRD\083.jpg,4
EASTERN BLUEBIRD\084.jpg,4
EASTERN BLUEBIRD\085.jpg,4
EASTERN BLUEBIRD\086.jpg,4
EASTERN BLUEBIRD\087.jpg,4
EASTERN BLUEBIRD\088.jpg,4
EASTERN BLUEBIRD\089.jpg,4
EASTERN BLUEBIRD\090.jpg,4
EASTERN BLUEBIRD\091.jpg,4
EASTERN BLUEBIRD\092.jpg,4
EASTERN BLUEBIRD\093.jpg,4
EASTERN BLUEBIRD\094.jpg,4
EASTERN BLUEBIRD\095.jpg,4
EASTERN BLUEBIRD\096.jpg,4
EASTERN BLUEBIRD\097.jpg,4
EASTERN BLUEBIRD\098.jpg,4
EASTERN BLUEBIRD\099.jpg,4
EASTERN BLUEBIRD\100.jpg,4
EASTERN BLUEBIRD\101.jpg,4
EASTERN BLUEBIRD\102.jpg,4
EASTERN BLUEBIRD\103.jpg,4
EASTERN BLUEBIRD\104.jpg,4
EASTERN BLUEBIRD\105.jpg,4
EASTERN BLUEBIRD\106.jpg,4
EASTERN BLUEBIRD\107.jpg,4
EASTERN BLUEBIRD\108.jpg,4
EASTERN BLUEBIRD\109.jpg,4
EASTERN BLUEBIRD\110.jpg,4
EASTERN BLUEBIRD\111.jpg,4
EASTERN BLUEBIRD\112.jpg,4
EASTERN BLUEBIRD\113.jpg,4
EASTERN BLUEBIRD\114.jpg,4
EASTERN BLUEBIRD\115.jpg,4
EASTERN BLUEBIRD\116.jpg,4
EASTERN BLUEBIRD\117.jpg,4
EASTERN BLUEBIRD\118.jpg,4
EASTERN BLUEBIRD\119.jpg,4
EASTERN BLUEBIRD\120.jpg,4
EASTERN BLUEBIRD\121.jpg,4
EASTERN BLUEBIRD\122.jpg,4
EASTERN BLUEBIRD\123.jpg,4
EASTERN BLUEBIRD\124.jpg,4
EASTERN BLUEBIRD\125.jpg,4
EASTERN BLUEBIRD\126.jpg,4
EASTERN BLUEBIRD\127.jpg,4
EASTERN BLUEBIRD\128.jpg,4
EASTERN BLUEBIRD\129.jpg,4
EASTERN BLUEBIRD\130.jpg,4
EASTERN BLUEBIRD\131.jpg,4
EASTERN BLUEBIRD\132.jpg,4
EASTERN BLUEBIRD\133.jpg,4
EASTERN BLUEBIRD\134.jpg,4
EASTERN BLUEBIRD\135.jpg,4
EASTERN BLUEBIRD\136.jpg,4
EASTERN BLUEBIRD\137.jpg,4
EASTERN BLUEBIRD\138.jpg,4
EASTERN BLUEBIRD\139.jpg,4
EASTERN BLUEBIRD\140.jpg,4
JAVA SPARROW\001.jpg,5
JAVA SPARROW\002.jpg,5
JAVA SPARROW\003.jpg,5
JAVA SPARROW\004.jpg,5
JAVA SPARROW\005.jpg,5
JAVA SPARROW\006.jpg,5
JAVA SPARROW\007.jpg,5
JAVA SPARROW\008.jpg,5
JAVA SPARROW\009.jpg,5
JAVA SPARROW\010.jpg,5
JAVA SPARROW\011.jpg,5
JAVA SPARROW\012.jpg,5
JAVA SPARROW\013.jpg,5
JAVA SPARROW\014.jpg,5
JAVA SPARROW\015.jpg,5
JAVA SPARROW\016.jpg,5
JAVA SPARROW\017.jpg,5
JAVA SPARROW\018.jpg,5
JAVA SPARROW\019.jpg,5
JAVA SPARROW\020.jpg,5
JAVA SPARROW\021.jpg,5
JAVA SPARROW\022.jpg,5
JAVA SPARROW\023.jpg,5
JAVA SPARROW\024.jpg,5
JAVA SPARROW\025.jpg,5
JAVA SPARROW\026.jpg,5
JAVA SPARROW\027.jpg,5
JAVA SPARROW\028.jpg,5
JAVA SPARROW\029.jpg,5
JAVA SPARROW\030.jpg,5
JAVA SPARROW\031.jpg,5
JAVA SPARROW\032.jpg,5
JAVA SPARROW\033.jpg,5
JAVA SPARROW\034.jpg,5
JAVA SPARROW\035.jpg,5
JAVA SPARROW\036.jpg,5
JAVA SPARROW\037.jpg,5
JAVA SPARROW\038.jpg,5
JAVA SPARROW\039.jpg,5
JAVA SPARROW\040.jpg,5
JAVA SPARROW\041.jpg,5
JAVA SPARROW\042.jpg,5
JAVA SPARROW\043.jpg,5
JAVA SPARROW\044.jpg,5
JAVA SPARROW\045.jpg,5
JAVA SPARROW\046.jpg,5
JAVA SPARROW\047.jpg,5
JAVA SPARROW\048.jpg,5
JAVA SPARROW\049.jpg,5
JAVA SPARROW\050.jpg,5
JAVA SPARROW\051.jpg,5
JAVA SPARROW\052.jpg,5
JAVA SPARROW\053.jpg,5
JAVA SPARROW\054.jpg,5
JAVA SPARROW\055.jpg,5
JAVA SPARROW\056.jpg,5
JAVA SPARROW\057.jpg,5
JAVA SPARROW\058.jpg,5
JAVA SPARROW\059.jpg,5
JAVA SPARROW\060.jpg,5
JAVA SPARROW\061.jpg,5
JAVA SPARROW\062.jpg,5
JAVA SPARROW\063.jpg,5
JAVA SPARROW\064.jpg,5
JAVA SPARROW\065.jpg,5
JAVA SPARROW\066.jpg,5
JAVA SPARROW\067.jpg,5
JAVA SPARROW\068.jpg,5
JAVA SPARROW\069.jpg,5
JAVA SPARROW\070.jpg,5
JAVA SPARROW\071.jpg,5
JAVA SPARROW\072.jpg,5
JAVA SPARROW\073.jpg,5
JAVA SPARROW\074.jpg,5
JAVA SPARROW\075.jpg,5
JAVA SPARROW\076.jpg,5
JAVA SPARROW\077.jpg,5
JAVA SPARROW\078.jpg,5
JAVA SPARROW\079.jpg,5
JAVA SPARROW\080.jpg,5
JAVA SPARROW\081.jpg,5
JAVA SPARROW\082.jpg,5
JAVA SPARROW\083.jpg,5
JAVA SPARROW\084.jpg,5
JAVA SPARROW\085.jpg,5
JAVA SPARROW\086.jpg,5
JAVA SPARROW\087.jpg,5
JAVA SPARROW\088.jpg,5
JAVA SPARROW\089.jpg,5
JAVA SPARROW\090.jpg,5
JAVA SPARROW\091.jpg,5
JAVA SPARROW\092.jpg,5
JAVA SPARROW\093.jpg,5
JAVA SPARROW\094.jpg,5
JAVA SPARROW\095.jpg,5
JAVA SPARROW\096.jpg,5
JAVA SPARROW\097.jpg,5
JAVA SPARROW\098.jpg,5
JAVA SPARROW\099.jpg,5
JAVA SPARROW\100.jpg,5
JAVA SPARROW\101.jpg,5
JAVA SPARROW\102.jpg,5
JAVA SPARROW\103.jpg,5
JAVA SPARROW\104.jpg,5
JAVA SPARROW\105.jpg,5
JAVA SPARROW\106.jpg,5
JAVA SPARROW\107.jpg,5
JAVA SPARROW\108.jpg,5
JAVA SPARROW\109.jpg,5
JAVA SPARROW\110.jpg,5
JAVA SPARROW\111.jpg,5
JAVA SPARROW\112.jpg,5
JAVA SPARROW\113.jpg,5
JAVA SPARROW\114.jpg,5
JAVA SPARROW\115.jpg,5
JAVA SPARROW\116.jpg,5
JAVA SPARROW\117.jpg,5
JAVA SPARROW\118.jpg,5
JAVA SPARROW\119.jpg,5
JAVA SPARROW\120.jpg,5
JAVA SPARROW\121.jpg,5
JAVA SPARROW\122.jpg,5
JAVA SPARROW\123.jpg,5
JAVA SPARROW\124.jpg,5
JAVA SPARROW\125.jpg,5
JAVA SPARROW\126.jpg,5
JAVA SPARROW\127.jpg,5
JAVA SPARROW\128.jpg,5
JAVA SPARROW\129.jpg,5
JAVA SPARROW\130.jpg,5
JAVA SPARROW\131.jpg,5
JAVA SPARROW\132.jpg,5
JAVA SPARROW\133.jpg,5
JAVA SPARROW\134.jpg,5
JAVA SPARROW\135.jpg,5
JAVA SPARROW\136.jpg,5
JAVA SPARROW\137.jpg,5
JAVA SPARROW\138.jpg,5
JAVA SPARROW\139.jpg,5
JAVA SPARROW\140.jpg,5
TREE SWALLOW\001.jpg,6
TREE SWALLOW\002.jpg,6
TREE SWALLOW\003.jpg,6
TREE SWALLOW\004.jpg,6
TREE SWALLOW\005.jpg,6
TREE SWALLOW\006.jpg,6
TREE SWALLOW\007.jpg,6
TREE SWALLOW\008.jpg,6
TREE SWALLOW\009.jpg,6
TREE SWALLOW\010.jpg,6
TREE SWALLOW\011.jpg,6
TREE SWALLOW\012.jpg,6
TREE SWALLOW\013.jpg,6
TREE SWALLOW\014.jpg,6
TREE SWALLOW\015.jpg,6
TREE SWALLOW\016.jpg,6
TREE SWALLOW\017.jpg,6
TREE SWALLOW\018.jpg,6
TREE SWALLOW\019.jpg,6
TREE SWALLOW\020.jpg,6
TREE SWALLOW\021.jpg,6
TREE SWALLOW\022.jpg,6
TREE SWALLOW\023.jpg,6
TREE SWALLOW\024.jpg,6
TREE SWALLOW\025.jpg,6
TREE SWALLOW\026.jpg,6
TREE SWALLOW\027.jpg,6
TREE SWALLOW\028.jpg,6
TREE SWALLOW\029.jpg,6
TREE SWALLOW\030.jpg,6
TREE SWALLOW\031.jpg,6
TREE SWALLOW\032.jpg,6
TREE SWALLOW\033.jpg,6
TREE SWALLOW\034.jpg,6
TREE SWALLOW\035.jpg,6
TREE SWALLOW\036.jpg,6
TREE SWALLOW\037.jpg,6
TREE SWALLOW\038.jpg,6
TREE SWALLOW\039.jpg,6
TREE SWALLOW\040.jpg,6
TREE SWALLOW\041.jpg,6
TREE SWALLOW\042.jpg,6
TREE SWALLOW\043.jpg,6
TREE SWALLOW\044.jpg,6
TREE SWALLOW\045.jpg,6
TREE SWALLOW\046.jpg,6
TREE SWALLOW\047.jpg,6
TREE SWALLOW\048.jpg,6
TREE SWALLOW\049.jpg,6
TREE SWALLOW\050.jpg,6
TREE SWALLOW\051.jpg,6
TREE SWALLOW\052.jpg,6
TREE SWALLOW\053.jpg,6
TREE SWALLOW\054.jpg,6
TREE SWALLOW\055.jpg,6
TREE SWALLOW\056.jpg,6
TREE SWALLOW\057.jpg,6
TREE SWALLOW\058.jpg,6
TREE SWALLOW\059.jpg,6
TREE SWALLOW\060.jpg,6
TREE SWALLOW\061.jpg,6
TREE SWALLOW\062.jpg,6
TREE SWALLOW\063.jpg,6
TREE SWALLOW\064.jpg,6
TREE SWALLOW\065.jpg,6
TREE SWALLOW\066.jpg,6
TREE SWALLOW\067.jpg,6
TREE SWALLOW\068.jpg,6
TREE SWALLOW\069.jpg,6
TREE SWALLOW\070.jpg,6
TREE SWALLOW\071.jpg,6
TREE SWALLOW\072.jpg,6
TREE SWALLOW\073.jpg,6
TREE SWALLOW\074.jpg,6
TREE SWALLOW\075.jpg,6
TREE SWALLOW\076.jpg,6
TREE SWALLOW\077.jpg,6
TREE SWALLOW\078.jpg,6
TREE SWALLOW\079.jpg,6
TREE SWALLOW\080.jpg,6
TREE SWALLOW\081.jpg,6
TREE SWALLOW\082.jpg,6
TREE SWALLOW\083.jpg,6
TREE SWALLOW\084.jpg,6
TREE SWALLOW\085.jpg,6
TREE SWALLOW\086.jpg,6
TREE SWALLOW\087.jpg,6
TREE SWALLOW\088.jpg,6
TREE SWALLOW\089.jpg,6
TREE SWALLOW\090.jpg,6
TREE SWALLOW\091.jpg,6
TREE SWALLOW\092.jpg,6
TREE SWALLOW\093.jpg,6
TREE SWALLOW\094.jpg,6
TREE SWALLOW\095.jpg,6
TREE SWALLOW\096.jpg,6
TREE SWALLOW\097.jpg,6
TREE SWALLOW\098.jpg,6
TREE SWALLOW\099.jpg,6
TREE SWALLOW\100.jpg,6
TREE SWALLOW\101.jpg,6
TREE SWALLOW\102.jpg,6
TREE SWALLOW\103.jpg,6
TREE SWALLOW\104.jpg,6
TREE SWALLOW\105.jpg,6
TREE SWALLOW\106.jpg,6
TREE SWALLOW\107.jpg,6
TREE SWALLOW\108.jpg,6
TREE SWALLOW\109.jpg,6
TREE SWALLOW\110.jpg,6
TREE SWALLOW\111.jpg,6
TREE SWALLOW\112.jpg,6
TREE SWALLOW\113.jpg,6
TREE SWALLOW\114.jpg,6
TREE SWALLOW\115.jpg,6
TREE SWALLOW\116.jpg,6
TREE SWALLOW\117.jpg,6
TREE SWALLOW\118.jpg,6
TREE SWALLOW\119.jpg,6
TREE SWALLOW\120.jpg,6
TREE SWALLOW\121.jpg,6
TREE SWALLOW\122.jpg,6
TREE SWALLOW\123.jpg,6
TREE SWALLOW\124.jpg,6
TREE SWALLOW\125.jpg,6
TREE SWALLOW\126.jpg,6
TREE SWALLOW\127.jpg,6
TREE SWALLOW\128.jpg,6
TREE SWALLOW\129.jpg,6
TREE SWALLOW\130.jpg,6
TREE SWALLOW\131.jpg,6
TREE SWALLOW\132.jpg,6
TREE SWALLOW\133.jpg,6
TREE SWALLOW\134.jpg,6
TREE SWALLOW\135.jpg,6
TREE SWALLOW\136.jpg,6
TREE SWALLOW\137.jpg,6
TREE SWALLOW\138.jpg,6
TREE SWALLOW\139.jpg,6
TREE SWALLOW\140.jpg,6
